{
  "convnext": 0.42105263157894757,
  "efficientv2": 0.3157894736842104,
  "swin": 0.2631578947368421
}